X,Y,ID,Case_Number,Address,Occurred_Date,Occurred_Month,Occurred_Year,Crime_Type,Multiple_Shooting,Gender,Race,Ethnicity,Victim_Age,Victim_Age_Band,Latitude,Longitude,ObjectId
-77.607990462,43.1836795360001,d981912bde17ff11baeec440d2962c55,20-180265,1010 Joseph Ave,2020/08/09 04:00:00+00,8,2020,Shooting,No,M,BLACK,NON HISPANIC,23,15-24,43.1836795360001,-77.607990462,1
-77.643147095,43.141723401,9aed9ae5ee7f83638ee33ccff49cf6b9,20-180404,294 Rugby Ave,2020/08/09 04:00:00+00,8,2020,Shooting,No,F,BLACK,NON HISPANIC,28,25-44,43.141723401,-77.643147095,2
-77.6112000269999,43.1784481240001,b0c3f83c934aeea9486ccc2362e0cee6,20-179396,77 Ketchum St,2020/08/08 04:00:00+00,8,2020,Shooting,No,M,WHITE,NON HISPANIC,49,45-Older,43.1784481240001,-77.6112000269999,3
-77.6133565439999,43.168276184,b83cd8b57bb9048cca4830620cbfab07,20-179526,123 Upper Falls Blvd,2020/08/08 04:00:00+00,8,2020,Shooting,No,M,BLACK,NON HISPANIC,23,15-24,43.168276184,-77.6133565439999,4
-77.589725243,43.1817751680001,42bb767348c1f8a5e4c085b67ab14732,20-177327,334 Roycroft Dr,2020/08/06 04:00:00+00,8,2020,Shooting,Yes,M,BLACK,NON HISPANIC,22,15-24,43.1817751680001,-77.589725243,5
-77.589725243,43.1817751680001,a8c5e088b79b16709df3ce1589438e4b,20-177327,334 Roycroft Dr,2020/08/06 04:00:00+00,8,2020,Shooting,Yes,M,BLACK,NON HISPANIC,21,15-24,43.1817751680001,-77.589725243,6
-77.6143448029999,43.1265908730001,1642e9ea9f20bc6c190560580241ad24,20-177720,67 Langslow St,2020/08/06 04:00:00+00,8,2020,Shooting,No,F,BLACK,NON HISPANIC,21,15-24,43.1265908730001,-77.6143448029999,7
-77.646771838,43.1461682390001,7c4ff4e2a92a48af3a1bebb390a4fdbc,20-176704,16 Sherwood Ave,2020/08/05 04:00:00+00,8,2020,Shooting,No,M,BLACK,NON HISPANIC,39,25-44,43.1461682390001,-77.646771838,8
-77.580698264,43.169300143,5e631196f8d60399474687757b4fe570,20-175390,19 Wabash St,2020/08/04 04:00:00+00,8,2020,Homicide,No,M,BLACK,NON HISPANIC,35,25-44,43.169300143,-77.580698264,9
-77.648424429,43.179133139,d604b745f7537a66e8883bef6da030d6,20-174878,681 Lexington Ave,2020/08/03 04:00:00+00,8,2020,Shooting,Yes,F,BLACK,NON HISPANIC,31,25-44,43.179133139,-77.648424429,10
-77.648424429,43.179133139,7b512d2bf479e7f0b509086593a5412d,20-174878,681 Lexington Ave,2020/08/03 04:00:00+00,8,2020,Shooting,Yes,F,BLACK,NON HISPANIC,29,25-44,43.179133139,-77.648424429,11
-77.609300162,43.172693387,b60d6b2da56ee3b3cc4e9a78cc72b73c,20-172437,112 Rauber St,2020/08/01 04:00:00+00,8,2020,Shooting,No,M,BLACK,NON HISPANIC,52,45-Older,43.172693387,-77.609300162,12
-77.6181375,43.181900602,04bf6b9efe7f0b98c20e83dde9c32e19,20-171385,66 OK Ter,2020/07/31 04:00:00+00,7,2020,Homicide,No,M,BLACK,NON HISPANIC,21,15-24,43.181900602,-77.6181375,13
-77.5767149,43.1743530630001,1b59904e9fb1db03796022c015578185,20-170451,1098 N Goodman St,2020/07/29 04:00:00+00,7,2020,Shooting,No,M,BLACK,NON HISPANIC,19,15-24,43.1743530630001,-77.5767149,14
-77.631833797,43.1433883,1a5c2beebb3421b2d40907149618bf55,20-168741,100 Iceland Pk,2020/07/28 04:00:00+00,7,2020,Shooting,No,M,BLACK,NON HISPANIC,24,15-24,43.1433883,-77.631833797,15
-77.595770895,43.1544642540001,714dc1f9b01b52097ddd0e2369548c19,20-167092,14 Anson Pl,2020/07/26 04:00:00+00,7,2020,Shooting,No,M,BLACK,NON HISPANIC,42,25-44,43.1544642540001,-77.595770895,16
-77.595588417,43.156761799,a41a2993e967126dc6667b2f084d5e01,20-167163,30 N Union St,2020/07/26 04:00:00+00,7,2020,Shooting,No,M,BLACK,NON HISPANIC,35,25-44,43.156761799,-77.595588417,17
-77.6017414789999,43.1674965030001,44645044cce811ad904e745bef9b5a8d,20-167673,216 Hudson Ave,2020/07/26 04:00:00+00,7,2020,Shooting,No,M,BLACK,NON HISPANIC,43,25-44,43.1674965030001,-77.6017414789999,18
-77.5994224839999,43.1426986170001,525747d22d733302698cdaa5db4f9083,20-165233,757 N Clinton Ave,2020/07/24 04:00:00+00,7,2020,Shooting,No,M,BLACK,NON HISPANIC,33,25-44,43.1426986170001,-77.5994224839999,19
-77.634803841,43.163456888,213024cfee42082be6765eac74d134f3,20-165534,415 Orchard St,2020/07/24 04:00:00+00,7,2020,Shooting,No,M,BLACK,NON HISPANIC,37,25-44,43.163456888,-77.634803841,20
-77.6016568699999,43.1669565760001,3c40afe7dbce57f0c8259ca89f42ecb0,20-165705,196 Hudson Ave,2020/07/24 04:00:00+00,7,2020,Shooting,No,M,BLACK,NON HISPANIC,28,25-44,43.1669565760001,-77.6016568699999,21
-77.6338134819999,43.159657866,35ac9a97417588afa8d3500ebb8fb8f1,20-164354,506 Jay St,2020/07/23 04:00:00+00,7,2020,Shooting,No,F,BLACK,NON HISPANIC,31,25-44,43.159657866,-77.6338134819999,22
-77.639068223,43.1495552480001,0af5d6a255c006635b32787142d18205,20-164965,70 Chili Ave,2020/07/23 04:00:00+00,7,2020,Shooting,No,F,BLACK,NON HISPANIC,43,25-44,43.1495552480001,-77.639068223,23
-77.629324546,43.1432301900001,a121b97ad73200c2abbfab2f7c8f5c26,20-165045,13 Iceland Pk,2020/07/23 04:00:00+00,7,2020,Shooting,No,M,BLACK,NON HISPANIC,36,25-44,43.1432301900001,-77.629324546,24
-77.634629472,43.1597051790001,410444da274edebb17d8da3f6937e5c8,20-164054,207 Orchard St,2020/07/22 04:00:00+00,7,2020,Homicide,No,M,BLACK,NON HISPANIC,22,15-24,43.1597051790001,-77.634629472,25
-77.630988383,43.1397268920001,bc22afa57530c1bf9a4c39c965634575,20-164176,419 Flint St,2020/07/22 04:00:00+00,7,2020,Shooting,No,F,BLACK,NON HISPANIC,26,25-44,43.1397268920001,-77.630988383,26
-77.635832453,43.185516062,2923f9282e01ad0d756312e8dd4457a2,20-162572,168 Birr St,2020/07/21 04:00:00+00,7,2020,Shooting,No,M,BLACK,NON HISPANIC,23,15-24,43.185516062,-77.635832453,27
-77.600835683,43.172876466,432ba9f172bea03e88542e377702452f,20-161004,33 Vose St,2020/07/19 04:00:00+00,7,2020,Shooting,No,F,WHITE,HISPANIC,42,25-44,43.172876466,-77.600835683,28
-77.612473496,43.1819723140001,e386b58276fbbd7c39aac54bc49e573f,20-159093,40 Kohlman St,2020/07/17 04:00:00+00,7,2020,Shooting,No,M,BLACK,NON HISPANIC,26,25-44,43.1819723140001,-77.612473496,29
-77.63231108,43.1626470750001,29ecb76ca96a18ac18accbcbe0c1ffaf,20-159137,1019 W Broad St,2020/07/17 04:00:00+00,7,2020,Shooting,No,M,BLACK,NON HISPANIC,34,25-44,43.1626470750001,-77.63231108,30
-77.592247879,43.175084676,249235bca7ec9449619274099fc5f411,20-159018,1149 Clifford Ave,2020/07/16 04:00:00+00,7,2020,Shooting,No,M,BLACK,NON HISPANIC,29,25-44,43.175084676,-77.592247879,31
-77.593662224,43.1613982160001,efb6c97f335b985314c2e70147d326f3,20-157459,155 N Union St,2020/07/15 04:00:00+00,7,2020,Shooting,No,M,BLACK,NON HISPANIC,33,25-44,43.1613982160001,-77.593662224,32
-77.5856084819999,43.191546203,dcf33f29e6ab2aa2c2ccf932710ba2b8,20-157559,1425 Portland Ave,2020/07/15 04:00:00+00,7,2020,Shooting,No,M,BLACK,NON HISPANIC,44,25-44,43.191546203,-77.5856084819999,33
-77.619473649,43.17956243,8265a63a0b57e88b823a17ee6f5920b2,20-158220,198 Ave C,2020/07/15 04:00:00+00,7,2020,Shooting,No,M,BLACK,NON HISPANIC,25,25-44,43.17956243,-77.619473649,34
-77.594691548,43.142495178,164144b9fa6b611f93a4a13d3091e069,20-156411,573 S Goodman St,2020/07/13 04:00:00+00,7,2020,Shooting,No,M,BLACK,NON HISPANIC,28,25-44,43.142495178,-77.594691548,35
-77.6021475909999,43.1783455550001,b2bfe301d967a02e622be2769ec84a3e,20-155061,301 Wilkins St,2020/07/12 04:00:00+00,7,2020,Shooting,Yes,M,BLACK,NON HISPANIC,31,25-44,43.1783455550001,-77.6021475909999,36
-77.6021475909999,43.1783455550001,31be5045633d417734b56a173090b366,20-155061,301 Wilkins St,2020/07/12 04:00:00+00,7,2020,Shooting,Yes,M,BLACK,NON HISPANIC,29,25-44,43.1783455550001,-77.6021475909999,37
-77.609696362,43.165893254,cd2aefa6eb2593ef834740c7f0b6c2f3,20-154265,444 N Clinton Ave,2020/07/11 04:00:00+00,7,2020,Shooting,Yes,M,BLACK,NON HISPANIC,28,25-44,43.165893254,-77.609696362,38
-77.609696362,43.165893254,55ddb57f281eaef610ba53ce91553511,20-154265,444 N Clinton Ave,2020/07/11 04:00:00+00,7,2020,Shooting,Yes,F,BLACK,NON HISPANIC,33,25-44,43.165893254,-77.609696362,39
-77.609696362,43.165893254,c5007aa4b4973046627ff824ebc9bcbb,20-154265,444 N Clinton Ave,2020/07/11 04:00:00+00,7,2020,Shooting,Yes,M,BLACK,NON HISPANIC,24,15-24,43.165893254,-77.609696362,40
-77.609696362,43.165893254,a39019e92e32385caf9ab3b9c6e1d659,20-154265,444 N Clinton Ave,2020/07/11 04:00:00+00,7,2020,Shooting,Yes,F,BLACK,NON HISPANIC,24,15-24,43.165893254,-77.609696362,41
-77.609696362,43.165893254,c625d92b541f7f0d2b651a9ab5b84b30,20-154265,444 N Clinton Ave,2020/07/11 04:00:00+00,7,2020,Shooting,Yes,M,BLACK,NON HISPANIC,30,25-44,43.165893254,-77.609696362,42
-77.609696362,43.165893254,58e975c724d729b8b667b28990af568e,20-154265,444 N Clinton Ave,2020/07/11 04:00:00+00,7,2020,Shooting,Yes,F,BLACK,NON HISPANIC,28,25-44,43.165893254,-77.609696362,43
-77.584834025,43.175254205,1b719e8df63d4f51cd89b430d8a4c936,20-151275,103 Coleman Ter,2020/07/07 04:00:00+00,7,2020,Homicide,No,M,WHITE,HISPANIC,23,15-24,43.175254205,-77.584834025,44
-77.650608284,43.1361394040001,83d85e7ee2ac4eabfad5ac34e05b66a9,20-150456,184 Flanders St,2020/07/06 04:00:00+00,7,2020,Homicide,Yes,M,BLACK,NON HISPANIC,39,25-44,43.1361394040001,-77.650608284,45
-77.650608284,43.1361394040001,6e9ae66a499ad0f22225ef5f6900ca0b,20-150456,184 Flanders St,2020/07/06 04:00:00+00,7,2020,Shooting,Yes,F,BLACK,NON HISPANIC,37,25-44,43.1361394040001,-77.650608284,46
-77.650608284,43.1361394040001,9e0b577173aee3a3ce341386448cec2e,20-150456,184 Flanders St,2020/07/06 04:00:00+00,7,2020,Shooting,Yes,M,BLACK,NON HISPANIC,20,15-24,43.1361394040001,-77.650608284,47
-77.6476746609999,43.1465037340001,6b9ba0d7a64aed56c8c982bfe45d7818,20-148466,410 Chili Ave,2020/07/05 04:00:00+00,7,2020,Shooting,Yes,M,BLACK,NON HISPANIC,17,15-24,43.1465037340001,-77.6476746609999,48
-77.6476746609999,43.1465037340001,e4770a4f06c7a900f08219aa7a477774,20-148466,410 Chili Ave,2020/07/05 04:00:00+00,7,2020,Shooting,Yes,M,BLACK,NON HISPANIC,20,15-24,43.1465037340001,-77.6476746609999,49
-77.6476746609999,43.1465037340001,535c0806d34a5a74604418006e91ec21,20-148466,410 Chili Ave,2020/07/05 04:00:00+00,7,2020,Shooting,Yes,F,BLACK,NON HISPANIC,33,25-44,43.1465037340001,-77.6476746609999,50
-77.6136057969999,43.1851467050001,7609d71bcf749eaa5982aeb46469b67b,20-148468,1384 N Clinton Ave,2020/07/05 04:00:00+00,7,2020,Shooting,No,F,BLACK,NON HISPANIC,18,15-24,43.1851467050001,-77.6136057969999,51
-77.643088253,43.1470152530001,292ac71f5d4dcd95350440475529062b,20-148479,42 Rugby Ave,2020/07/05 04:00:00+00,7,2020,Shooting,No,M,BLACK,NON HISPANIC,29,25-44,43.1470152530001,-77.643088253,52
-77.582428008,43.166296081,f6f5eac598e990e72e895935528290ba,20-148614,287 Pennsylvania Av,2020/07/05 04:00:00+00,7,2020,Shooting,No,M,BLACK,NON HISPANIC,16,15-24,43.166296081,-77.582428008,53
-77.629809779,43.1644704220001,a1edd97735defd6e6e9293232e4d6957,20-148851,199 Lyell Ave,2020/07/05 04:00:00+00,7,2020,Shooting,No,M,BLACK,NON HISPANIC,27,25-44,43.1644704220001,-77.629809779,54
-77.59192229,43.1766547600001,f5c07a52d3a6d166e150070071acd1e6,20-149314,448 Alphonse St,2020/07/05 04:00:00+00,7,2020,Shooting,No,M,BLACK,NON HISPANIC,22,15-24,43.1766547600001,-77.59192229,55
-77.6326043719999,43.168684854,0681f7d22e41cb34414aa15711bf39ef,20-147221,211 Saratoga Ave,2020/07/04 04:00:00+00,7,2020,Shooting,No,M,BLACK,NON HISPANIC,37,25-44,43.168684854,-77.6326043719999,56
-77.619847976,43.1796457070001,9b4f942ebf16a17933ec6abedbc8c614,20-147660,318 Conkey Ave,2020/07/04 04:00:00+00,7,2020,Shooting,No,M,BLACK,NON HISPANIC,22,15-24,43.1796457070001,-77.619847976,57
-77.5946922429999,43.177202966,fc6c227d682d25c4e6b0173fa8de1ce4,20-148359,397 Bernard St,2020/07/04 04:00:00+00,7,2020,Shooting,No,M,BLACK,NON HISPANIC,33,25-44,43.177202966,-77.5946922429999,58
-77.628840729,43.1464642240001,c7b2a2afd73af4dda9efd9713babaa1b,20-148380,428 Jefferson Ave,2020/07/04 04:00:00+00,7,2020,Shooting,Yes,M,BLACK,NON HISPANIC,19,15-24,43.1464642240001,-77.628840729,59
-77.628840729,43.1464642240001,0c003dd56cf9396369ea244bedb99ba3,20-148380,428 Jefferson Ave,2020/07/04 04:00:00+00,7,2020,Shooting,Yes,M,BLACK,NON HISPANIC,30,25-44,43.1464642240001,-77.628840729,60
-77.598169136,43.1827653460001,b45d4b22341d51328a69ddb9b908e82b,20-143811,8 Ernst St,2020/06/30 04:00:00+00,6,2020,Shooting,No,M,BLACK,NON HISPANIC,23,15-24,43.1827653460001,-77.598169136,61
-77.607030814,43.186320251,cbe882efa9f9408dd7da74fb8ce997c6,20-144026,28 Bremen St,2020/06/30 04:00:00+00,6,2020,Shooting,No,M,BLACK,NON HISPANIC,37,25-44,43.186320251,-77.607030814,62
-77.633369712,43.166083708,2fa3ff262de1a6eb7f0a614e0789fe68,20-142354,78 Dewey Ave,2020/06/29 04:00:00+00,6,2020,Shooting,No,M,BLACK,NON HISPANIC,58,45-Older,43.166083708,-77.633369712,63
-77.630232158,43.166194111,2e3cabd528abd1a3b4e343bab72eaa5c,20-142721,81 Jones Ave,2020/06/29 04:00:00+00,6,2020,Shooting,No,M,BLACK,NON HISPANIC,20,15-24,43.166194111,-77.630232158,64
-77.613165268,43.175709784,728a76790b68280d275811a87505dd35,20-141551,928 N Clinton Ave,2020/06/28 04:00:00+00,6,2020,Shooting,No,M,WHITE,HISPANIC,30,25-44,43.175709784,-77.613165268,65
-77.5960510359999,43.172323084,b36d92e2facb53c8964f23497ac9c4fa,20-140996,43 Lincoln St,2020/06/27 04:00:00+00,6,2020,Shooting,No,M,BLACK,NON HISPANIC,45,45-Older,43.172323084,-77.5960510359999,66
-77.606367753,43.1420064960001,303dc5ef7493b5c134d55fdc7786c357,20-141002,220 Gregory St,2020/06/27 04:00:00+00,6,2020,Shooting,No,F,WHITE,NON HISPANIC,30,25-44,43.1420064960001,-77.606367753,67
-77.5985935049999,43.1637252420001,4bbccebfae480d3532891dff327856e9,20-141133,53 Woodward St,2020/06/27 04:00:00+00,6,2020,Shooting,No,F,BLACK,NON HISPANIC,28,25-44,43.1637252420001,-77.5985935049999,68
-77.593835124,43.161680249,5681d40d3c3cb6e4acf855d59fa3985b,20-139846,142 Weld St,2020/06/26 04:00:00+00,6,2020,Shooting,No,M,BLACK,NON HISPANIC,23,15-24,43.161680249,-77.593835124,69
-77.645561211,43.1800866090001,02db54aafbdb82b6ba5dcbad63f7122f,20-140296,20 Canary St,2020/06/26 04:00:00+00,6,2020,Shooting,No,M,BLACK,NON HISPANIC,17,15-24,43.1800866090001,-77.645561211,70
-77.628745381,43.168421187,e0465218d95d9e000d941602197b9911,20-138101,890 N Plymouth Ave,2020/06/25 04:00:00+00,6,2020,Shooting,No,M,BLACK,NON HISPANIC,36,25-44,43.168421187,-77.628745381,71
-77.640915335,43.1527942220001,529435f385748714e3b1e4911921023b,20-138655,124 Colvin St,2020/06/25 04:00:00+00,6,2020,Shooting,No,M,BLACK,NON HISPANIC,22,15-24,43.1527942220001,-77.640915335,72
-77.6295176689999,43.1682043870001,69036632767c3f1fd4308b857bd7dae9,20-134034,45 Lorimer St,2020/06/21 04:00:00+00,6,2020,Shooting,No,M,BLACK,NON HISPANIC,43,25-44,43.1682043870001,-77.6295176689999,73
-77.5941098069999,43.177207906,13143e708669c17ce87758640709e9ed,20-131373,421 Bernard St,2020/06/19 04:00:00+00,6,2020,Homicide,No,M,BLACK,NON HISPANIC,23,15-24,43.177207906,-77.5941098069999,74
-77.613499829,43.181877528,028803351a1596aecccecab3d37a94f3,20-131413,1226 N Clinton,2020/06/19 04:00:00+00,6,2020,Homicide,No,M,BLACK,NON HISPANIC,17,15-24,43.181877528,-77.613499829,75
-77.620069249,43.140477037,29315bfef5492ea152d905f3092e9f4d,20-131466,38 Violetta St,2020/06/19 04:00:00+00,6,2020,Shooting,No,M,BLACK,NON HISPANIC,37,25-44,43.140477037,-77.620069249,76
-77.632725361,43.19456115,57aa23f37495ce7d4a024dceeb80855f,20-131765,31 Bardin St,2020/06/19 04:00:00+00,6,2020,Homicide,No,M,BLACK,NON HISPANIC,31,25-44,43.19456115,-77.632725361,77
-77.634862217,43.1377363890001,28c52c3c05a2b00294ee9e77ba567d68,20-131780,439 Magnolia St,2020/06/19 04:00:00+00,6,2020,Shooting,No,M,BLACK,NON HISPANIC,19,15-24,43.1377363890001,-77.634862217,78
-77.613165268,43.175709784,37598575f43606a426e9921097ccc6f8,20-128632,928 N Clinton,2020/06/16 04:00:00+00,6,2020,Shooting,No,M,BLACK,NON HISPANIC,29,25-44,43.175709784,-77.613165268,79
-77.642126619,43.1316429520001,2b01c35caba344a466d97b1a6f5ad6e4,20-127880,85 Evangeline St,2020/06/15 04:00:00+00,6,2020,Shooting,No,M,BLACK,NON HISPANIC,18,15-24,43.1316429520001,-77.642126619,80
-77.6383887819999,43.164821655,fa3784bb24d1958828e1bbe48cfa689b,20-127932,444 Lyell Ave,2020/06/15 04:00:00+00,6,2020,Shooting,No,M,BLACK,NON HISPANIC,20,15-24,43.164821655,-77.6383887819999,81
-77.655325417,43.164999268,1c7b2370dfad5eda2b441779705d5c7a,20-126473,1140 Lyell Ave,2020/06/14 04:00:00+00,6,2020,Shooting,No,M,BLACK,NON HISPANIC,35,25-44,43.164999268,-77.655325417,82
-77.61290646,43.18989974,30d11c2a7c472cf10482485dff894ba3,20-126586,1616 N Clinton Ave,2020/06/14 04:00:00+00,6,2020,Homicide,No,M,BLACK,NON HISPANIC,35,25-44,43.18989974,-77.61290646,83
-77.596586999,43.1807449670001,bccbf1e686449bca31fe165283d8c5cb,20-127131,975 Ave D,2020/06/14 04:00:00+00,6,2020,Shooting,No,M,WHITE,HISPANIC,31,25-44,43.1807449670001,-77.596586999,84
-77.609587431,43.177365669,ab596c1bdc35f5ae2924b72a5c29ac4c,20-125431,18 Langham St,2020/06/13 04:00:00+00,6,2020,Shooting,Yes,M,BLACK,NON HISPANIC,30,25-44,43.177365669,-77.609587431,85
-77.609587431,43.177365669,8198a2b89bb2fe49384bec702fd9d0a7,20-125431,18 Langham St,2020/06/13 04:00:00+00,6,2020,Shooting,Yes,F,WHITE,NON HISPANIC,27,25-44,43.177365669,-77.609587431,86
-77.5848014869999,43.1735242,6fa3797947d1103f16f5f1c4026ed61f,20-124362,11 Coleman Ter,2020/06/11 04:00:00+00,6,2020,Shooting,Yes,M,WHITE,HISPANIC,17,15-24,43.1735242,-77.5848014869999,87
-77.5848014869999,43.1735242,7b5e2c566a7f1f3d8dd7434fa2e5c82f,20-124362,11 Coleman Ter,2020/06/11 04:00:00+00,6,2020,Shooting,Yes,M,WHITE,NON HISPANIC,18,15-24,43.1735242,-77.5848014869999,88
-77.5705955339999,43.167931287,b329875650d788f4cb13d4694e3c421b,20-121950,161 Rosewood Ter,2020/06/09 04:00:00+00,6,2020,Shooting,Yes,M,BLACK,NON HISPANIC,21,15-24,43.167931287,-77.5705955339999,89
-77.5705955339999,43.167931287,e8a59c55b703f6678c06bc9147f76f8a,20-121950,161 Rosewood Ter,2020/06/09 04:00:00+00,6,2020,Shooting,Yes,M,BLACK,NON HISPANIC,23,15-24,43.167931287,-77.5705955339999,90
-77.622219555,43.175734065,cf183bbd18883a319d7e45e107b31b90,20-122063,106 Huntington Pk,2020/06/09 04:00:00+00,6,2020,Shooting,No,M,BLACK,NON HISPANIC,27,25-44,43.175734065,-77.622219555,91
-77.640432431,43.1735483780001,bf4f83368d662c27a3784ab28ebfb83f,20-122522,475 Sherman St,2020/06/09 04:00:00+00,6,2020,Shooting,No,M,BLACK,NON HISPANIC,25,25-44,43.1735483780001,-77.640432431,92
-77.649692376,43.1381207480001,1b893d8808b7d0670aaabe09ff10044b,20-121165,148 Milton St,2020/06/08 04:00:00+00,6,2020,Shooting,No,F,BLACK,NON HISPANIC,44,25-44,43.1381207480001,-77.649692376,93
-77.632198901,43.180568511,c97a575ec24580d14b0105bad4d439cc,20-121667,837 Lake Ave,2020/06/08 04:00:00+00,6,2020,Homicide,Yes,M,WHITE,HISPANIC,22,15-24,43.180568511,-77.632198901,94
-77.632198901,43.180568511,4612084737065541aab04710348ef06a,20-121667,837 Lake Ave,2020/06/08 04:00:00+00,6,2020,Shooting,Yes,M,WHITE,HISPANIC,35,25-44,43.180568511,-77.632198901,95
-77.618563724,43.1746349970001,614b11a1b0af8bdbbe8667bc5d1ca192,20-120692,201 Clifford Ave,2020/06/07 04:00:00+00,6,2020,Shooting,No,M,BLACK,NON HISPANIC,22,15-24,43.1746349970001,-77.618563724,96
-77.639109379,43.1796174190001,cc73ff0ff9d72e63a5c1b8bff789867c,20-119177,780 Dewey Ave,2020/06/06 04:00:00+00,6,2020,Shooting,No,F,BLACK,NON HISPANIC,16,15-24,43.1796174190001,-77.639109379,97
-77.6322358039999,43.1528554110001,b1b9f660f37c64da59c1947260ee00d5,20-117887,641 Brown St,2020/06/04 04:00:00+00,6,2020,Shooting,No,M,WHITE,HISPANIC,31,25-44,43.1528554110001,-77.6322358039999,98
-77.6511901329999,43.1685885590001,16b9c308423e4c35a23ecc07c3863e55,20-116474,190 McNaughton St,2020/06/03 04:00:00+00,6,2020,Shooting,No,M,BLACK,NON HISPANIC,39,25-44,43.1685885590001,-77.6511901329999,99
-77.581074798,43.167749987,1eaa9c14754053694676ecb2f14b8a2c,20-117314,22 7th St,2020/06/03 04:00:00+00,6,2020,Shooting,No,M,BLACK,NON HISPANIC,29,25-44,43.167749987,-77.581074798,100
-77.641387723,43.1771213210001,39cf77d872a7f40372dab5b85cf4c4fb,21-047055,426 Glenwood Ave,2021/03/14 05:00:00+00,3,2021,Homicide,No,M,WHITE,HISPANIC,23,15-24,43.1771213210001,-77.641387723,101
-77.638617787,43.192588695,ced4b0a2fe5f5b98fa0feedc02ad1872,21-045758,497 Flower City Park,2021/03/13 05:00:00+00,3,2021,Shooting,No,M,BLACK,NON HISPANIC,30,25-44,43.192588695,-77.638617787,102
-77.63130083,43.1351019800001,0ecda6dbcb951675045b58f8ac763db2,21-044617,709 Seward St,2021/03/11 05:00:00+00,3,2021,Shooting,No,M,BLACK,NON HISPANIC,19,15-24,43.1351019800001,-77.63130083,103
-77.650780416,43.137693047,47bbff2a25f62755697577b62070a6ae,21-044918,366 Thurston Rd,2021/03/11 05:00:00+00,3,2021,Shooting,Yes,M,BLACK,NON HISPANIC,36,25-44,43.137693047,-77.650780416,104
-77.650780416,43.137693047,b85ad490b85aa04856f6cc959bc87a22,21-044918,366 Thurston Rd,2021/03/11 05:00:00+00,3,2021,Shooting,Yes,F,BLACK,NON HISPANIC,33,25-44,43.137693047,-77.650780416,105
-77.599080504,43.182572405,dc50af1fdad96e58f5ecc3d08e25505d,21-044022,952 Hudson Ave,2021/03/10 05:00:00+00,3,2021,Shooting,No,F,BLACK,NON HISPANIC,18,15-24,43.182572405,-77.599080504,106
-77.586849969,43.174653521,e5d4ace7c3911249a54883fafb6a6dc3,21-042547,206 Rohr St,2021/03/09 05:00:00+00,3,2021,Shooting,Yes,F,BLACK,NON HISPANIC,21,15-24,43.174653521,-77.586849969,107
-77.586849969,43.174653521,b8d44633fe9fb0a4d575513dafec188f,21-042547,206 Rohr St,2021/03/09 05:00:00+00,3,2021,Shooting,Yes,M,BLACK,NON HISPANIC,20,15-24,43.174653521,-77.586849969,108
-77.6477639829999,43.14588465,8a59143a78d5cc55ed9e356efa182d65,21-042415,16 Post Ave,2021/03/08 05:00:00+00,3,2021,Shooting,No,F,BLACK,NON HISPANIC,23,15-24,43.14588465,-77.6477639829999,109
-77.624357926,43.123607947,33a50b1382fb92f863b5dcd4256158e3,21-040829,601 Elmwood Ave,2021/03/06 05:00:00+00,3,2021,Shooting,No,M,BLACK,NON HISPANIC,34,25-44,43.123607947,-77.624357926,110
-77.637352269,43.186391825,c19077f551eb0cd0792d4925a5b20b27,21-041216,228 Augustine St,2021/03/06 05:00:00+00,3,2021,Shooting,No,F,WHITE,NON HISPANIC,15,15-24,43.186391825,-77.637352269,111
-77.6343830499999,43.1380889430001,cc8c3d3650cdd99d30c1f27e39c6cb78,21-036528,422 Magnolia St,2021/02/27 05:00:00+00,2,2021,Shooting,No,M,BLACK,NON HISPANIC,18,15-24,43.1380889430001,-77.6343830499999,112
-77.623787518,43.1480629540001,8e4fa4386ebde0bfc90e490c2f5f2cc9,21-036573,312 Tremont St,2021/02/27 05:00:00+00,2,2021,Shooting,No,F,BLACK,NON HISPANIC,65,45-Older,43.1480629540001,-77.623787518,113
-77.5998015549999,43.178460665,bcec5e7c76171a10ea01a052d651c201,21-036524,355 Wilkins St,2021/02/27 05:00:00+00,2,2021,Shooting,No,M,BLACK,NON HISPANIC,21,15-24,43.178460665,-77.5998015549999,114
-77.627414207,43.1949023020001,4c15982b32926bdccafdfe11794540f7,21-034817,39 Lapham St,2021/02/25 05:00:00+00,2,2021,Homicide,No,M,BLACK,NON HISPANIC,21,15-24,43.1949023020001,-77.627414207,115
-77.626671942,43.164899942,0ae58a00d5763bfa37b3772e54e4512f,21-032612,98 Lyell Ave,2021/02/21 05:00:00+00,2,2021,Shooting,No,M,BLACK,NON HISPANIC,14,5-14,43.164899942,-77.626671942,116
-77.6289169029999,43.192469933,6950bd131619ddd8b25566814907a86f,21-032626,1426 Lake Ave,2021/02/21 05:00:00+00,2,2021,Shooting,No,M,BLACK,HISPANIC,26,25-44,43.192469933,-77.6289169029999,117
-77.638634383,43.194621478,37a9b965801a15c47c7c7f292efc652e,21-031545,1514 Dewey Ave,2021/02/20 05:00:00+00,2,2021,Shooting,No,M,BLACK,NON HISPANIC,30,25-44,43.194621478,-77.638634383,118
-77.598577069,43.141797721,5e5190346e8af05e75278723d9631f3e,21-027618,809 S Clinton Ave,2021/02/14 05:00:00+00,2,2021,Shooting,No,M,BLACK,NON HISPANIC,20,15-24,43.141797721,-77.598577069,119
-77.576623366,43.175950749,8011904292a3f4ad5cfd9aa4d8b17d4f,21-027518,1688 Clifford Ave,2021/02/13 05:00:00+00,2,2021,Shooting,No,M,BLACK,NON HISPANIC,22,15-24,43.175950749,-77.576623366,120
-77.629009518,43.192132945,3e763cd287a6264cc7d86cdc4ef9270e,21-027520,1408 Lake Ave,2021/02/13 05:00:00+00,2,2021,Shooting,No,F,BLACK,NON HISPANIC,23,15-24,43.192132945,-77.629009518,121
-77.6336365079999,43.1741855080001,c78eee87ffd431252b4cf2032506cfe0,21-025570,31 Locust St,2021/02/10 05:00:00+00,2,2021,Shooting,No,M,BLACK,NON HISPANIC,17,15-24,43.1741855080001,-77.6336365079999,122
-77.601116439,43.175461564,c6acd50301d841e8c4d5d664534a6fb1,21-022841,822 Clifford Ave,2021/02/06 05:00:00+00,2,2021,Shooting,No,M,BLACK,NON HISPANIC,32,25-44,43.175461564,-77.601116439,123
-77.621452409,43.1792646370001,0f759b8dd7d4383008592b656bca4d44,21-021089,84 Harris St,2021/02/03 05:00:00+00,2,2021,Shooting,No,M,BLACK,NON HISPANIC,49,45-Older,43.1792646370001,-77.621452409,124
-77.629816763,43.1647934750001,94511ae6c375d10634af6e9dccfc1f16,21-019604,200 Lyell Ave,2021/02/01 05:00:00+00,2,2021,Shooting,No,M,BLACK,NON HISPANIC,26,25-44,43.1647934750001,-77.629816763,125
-77.637170445,43.1646945110001,ccb4b7de2c81dc82be71deb1a35a51f2,21-019806,424 Lyell Ave,2021/02/01 05:00:00+00,2,2021,Homicide,Yes,M,BLACK,NON HISPANIC,23,15-24,43.1646945110001,-77.637170445,126
-77.637170445,43.1646945110001,b1445a6248a4beb8f3dd2f8d3ea8c7d7,21-019806,424 Lyell Ave,2021/02/01 05:00:00+00,2,2021,Shooting,Yes,F,BLACK,NON HISPANIC,22,15-24,43.1646945110001,-77.637170445,127
-77.637170445,43.1646945110001,f9ecf2ae1c51a3da04df84fab6f49591,21-019806,424 Lyell Ave,2021/02/01 05:00:00+00,2,2021,Shooting,Yes,M,BLACK,NON HISPANIC,22,15-24,43.1646945110001,-77.637170445,128
-77.637170445,43.1646945110001,5470bf212efe100cc8e09adb6a0200d6,21-019806,424 Lyell Ave,2021/02/01 05:00:00+00,2,2021,Shooting,Yes,M,BLACK,NON HISPANIC,26,25-44,43.1646945110001,-77.637170445,129
-77.6337815919999,43.1504344250001,eed221e605871d40ffadb09b14508771,21-019159,799 W Main St,2021/01/31 05:00:00+00,1,2021,Shooting,No,M,BLACK,NON HISPANIC,21,15-24,43.1504344250001,-77.6337815919999,130
-77.632576145,43.1467803140001,e116d24bbfdbf7101a942efc4a2e1cf5,21-017299,226 Dr Samuel McCree Way,2021/01/28 05:00:00+00,1,2021,Shooting,Yes,M,BLACK,NON HISPANIC,17,15-24,43.1467803140001,-77.632576145,131
-77.632576145,43.1467803140001,d43d12b81dd70ce4a5d94ce748cca754,21-017299,226 Dr Samuel McCree Way,2021/01/28 05:00:00+00,1,2021,Shooting,Yes,M,BLACK,NON HISPANIC,31,25-44,43.1467803140001,-77.632576145,132
-77.613105446,43.1729627340001,699716bd54a71ce65848abff869d021c,21-015858,799 N Clinton Ave,2021/01/26 05:00:00+00,1,2021,Shooting,No,M,WHITE,HISPANIC,30,25-44,43.1729627340001,-77.613105446,133
-77.6216902309999,43.1445438600001,fb379e9c9cd20fce254407747270f297,21-012880,61 Champlain St,2021/01/21 05:00:00+00,1,2021,Shooting,No,M,BLACK,NON HISPANIC,27,25-44,43.1445438600001,-77.6216902309999,134
-77.6273572269999,43.143613203,328abc8f2d357665a35555cb96e804c0,21-011906,311 Frost Ave #2,2021/01/20 05:00:00+00,1,2021,Shooting,No,M,BLACK,NON HISPANIC,20,15-24,43.143613203,-77.6273572269999,135
-77.65114262,43.132576167,f4fa3cde8ea02660a2ab02b2dcb861fe,21-010858,615 Thurston Rd,2021/01/18 05:00:00+00,1,2021,Shooting,No,M,BLACK,NON HISPANIC,68,45-Older,43.132576167,-77.65114262,136
-77.645680058,43.181426377,5679068f51aeaec32a51ff50eb7fc282,21-010879,19 Dove St,2021/01/18 05:00:00+00,1,2021,Shooting,Yes,M,BLACK,NON HISPANIC,27,25-44,43.181426377,-77.645680058,137
-77.645680058,43.181426377,91045e4942b299b63556c515ed976592,21-010879,19 Dove St,2021/01/18 05:00:00+00,1,2021,Shooting,Yes,M,BLACK,NON HISPANIC,32,25-44,43.181426377,-77.645680058,138
-77.572477149,43.165518057,b25ef46937f7fc8bfe382afe015fd890,21-009505,239 Parsells Ave,2021/01/16 05:00:00+00,1,2021,Shooting,Yes,M,BLACK,NON HISPANIC,35,25-44,43.165518057,-77.572477149,139
-77.572477149,43.165518057,d2d1b2322b59a0d64fd3dc1d44c2fcbd,21-009505,239 Parsells Ave,2021/01/16 05:00:00+00,1,2021,Shooting,Yes,F,BLACK,NON HISPANIC,32,25-44,43.165518057,-77.572477149,140
-77.644155203,43.16153201,1aa1c073e4b8555e49fc75586c72b982,21-009948,171 Masseth St,2021/01/16 05:00:00+00,1,2021,Shooting,No,M,BLACK,NON HISPANIC,31,25-44,43.16153201,-77.644155203,141
-77.6077749359999,43.1815188040001,8a6220e494d74180d40b8a727f1b7424,21-006564,900 Joseph Ave,2021/01/11 05:00:00+00,1,2021,Shooting,No,M,BLACK,NON HISPANIC,23,15-24,43.1815188040001,-77.6077749359999,142
-77.641033319,43.1480050650001,e1ea04d708ec4af65dd36a05bb16509b,21-005649,31 Wellington Ave,2021/01/09 05:00:00+00,1,2021,Shooting,No,F,BLACK,NON HISPANIC,30,25-44,43.1480050650001,-77.641033319,143
-77.628198585,43.1676103730001,6afe69287079f79ef5fa5edfeeae885e,21-000749,844 N Plymouth Ave,2021/01/02 05:00:00+00,1,2021,Shooting,No,M,BLACK,NON HISPANIC,53,45-Older,43.1676103730001,-77.628198585,144
-77.6315401529999,43.1945815110001,538b019f276bc1fb597e847ef82d1ee2,20-285226,1 Bardin St,2020/12/31 05:00:00+00,12,2020,Homicide,No,M,BLACK,NON HISPANIC,63,45-Older,43.1945815110001,-77.6315401529999,145
-77.6127764299999,43.1746061440001,e053109caf350c06591ccc69993d173a,20-283725,886 N Clinton Ave,2020/12/29 05:00:00+00,12,2020,Homicide,No,F,BLACK,NON HISPANIC,19,15-24,43.1746061440001,-77.6127764299999,146
-77.5795179089999,43.166494776,7acb2d39ce04818fffb9773d30d88ad6,20-281477,60 Ferndale Cres,2020/12/25 05:00:00+00,12,2020,Shooting,No,F,WHITE,HISPANIC,22,15-24,43.166494776,-77.5795179089999,147
-77.632138255,43.155970649,f856834999eace81ec3f099b7feaab29,20-281636,88 Saxton St,2020/12/25 05:00:00+00,12,2020,Shooting,No,F,BLACK,NON HISPANIC,29,25-44,43.155970649,-77.632138255,148
-77.601909086,43.1783525130001,2c1f591e0c1b38d77c856a52d179e465,20-280749,307 Wilkins St,2020/12/24 05:00:00+00,12,2020,Shooting,No,F,BLACK,NON HISPANIC,32,25-44,43.1783525130001,-77.601909086,149
-77.6326785209999,43.135343934,95e3fa4dfeb54fd5e04c879fa3020a8e,20-279926,23 Elgin St,2020/12/23 05:00:00+00,12,2020,Homicide,No,M,BLACK,NON HISPANIC,55,45-Older,43.135343934,-77.6326785209999,150
-77.647080785,43.158034016,5c12375b7cc24d97843a20dbef92870e,20-279363,385 Hague St,2020/12/22 05:00:00+00,12,2020,Shooting,No,F,WHITE,NON HISPANIC,39,25-44,43.158034016,-77.647080785,151
-77.5806278969999,43.167215705,5ab9b2b51b8cc4b63124083c36a7d9ef,20-278776,720 N Goodman St,2020/12/21 05:00:00+00,12,2020,Shooting,No,M,BLACK,NON HISPANIC,45,45-Older,43.167215705,-77.5806278969999,152
-77.6107952149999,43.189981904,3bbe2ccacc65b60fc32af75b78464308,20-277786,50 Resolute Cir,2020/12/19 05:00:00+00,12,2020,Homicide,Yes,M,BLACK,NON HISPANIC,39,25-44,43.189981904,-77.6107952149999,153
-77.6107952149999,43.189981904,0af66b04839ea324c862db206705679d,20-277786,50 Resolute Cir,2020/12/19 05:00:00+00,12,2020,Shooting,Yes,M,BLACK,NON HISPANIC,42,25-44,43.189981904,-77.6107952149999,154
-77.6189522019999,43.1796461000001,97f366305d37c1536e90e2fcf2f39c20,20-276543,214 Ave C,2020/12/17 05:00:00+00,12,2020,Shooting,No,M,BLACK,NON HISPANIC,22,15-24,43.1796461000001,-77.6189522019999,155
-77.6085890689999,43.1762656440001,bfaca1c9bbc0cf48913c052f6372f121,20-273920,24 DeJonge St,2020/12/13 05:00:00+00,12,2020,Shooting,No,M,BLACK,NON HISPANIC,32,25-44,43.1762656440001,-77.6085890689999,156
-77.638689686,43.155042232,08b92491b44cb557fb13067cf803064a,20-273459,507 Maple St,2020/12/12 05:00:00+00,12,2020,Shooting,No,M,BLACK,NON HISPANIC,28,25-44,43.155042232,-77.638689686,157
-77.6136782,43.1752616540001,255c1f9daa40768b5baf4f30c19bfbcc,20-272622,917 N Clinton Ave,2020/12/11 05:00:00+00,12,2020,Homicide,No,M,BLACK,NON HISPANIC,24,15-24,43.1752616540001,-77.6136782,158
-77.627080516,43.1703763130001,3ee95aa93d0ce62150bfed590514d7eb,20-271593,312 Lake Ave  #1,2020/12/10 05:00:00+00,12,2020,Shooting,Yes,M,WHITE,HISPANIC,37,25-44,43.1703763130001,-77.627080516,159
-77.627080516,43.1703763130001,aa60dcd33a0faa64363c00c2e5cc368d,20-271593,312 Lake Ave  #1,2020/12/10 05:00:00+00,12,2020,Shooting,Yes,F,WHITE,HISPANIC,19,15-24,43.1703763130001,-77.627080516,160
-77.6127764299999,43.1746061440001,0b0714ee5496cac5be64aa28a483123f,20-270755,886 N Clinton Ave,2020/12/09 05:00:00+00,12,2020,Shooting,No,M,BLACK,NON HISPANIC,20,15-24,43.1746061440001,-77.6127764299999,161
-77.5731583579999,43.17464241,767260b6c99b08de6f9ccb4c66375f86,20-271114,184 Cummings St,2020/12/09 05:00:00+00,12,2020,Shooting,Yes,M,BLACK,NON HISPANIC,22,15-24,43.17464241,-77.5731583579999,162
-77.5731583579999,43.17464241,145d8eab9c316e3ecca5790a94ec6570,20-271114,184 Cummings St,2020/12/09 05:00:00+00,12,2020,Shooting,Yes,M,BLACK,NON HISPANIC,22,15-24,43.17464241,-77.5731583579999,163
-77.600931693,43.183465653,89c431b61448760acfd4180087244ed6,20-271207,256 Weyl St,2020/12/09 05:00:00+00,12,2020,Shooting,Yes,M,BLACK,NON HISPANIC,34,25-44,43.183465653,-77.600931693,164
-77.600931693,43.183465653,df5d0b876e1d8798f2c7b6c6a675d416,20-271207,256 Weyl St,2020/12/09 05:00:00+00,12,2020,Shooting,Yes,M,BLACK,NON HISPANIC,49,45-Older,43.183465653,-77.600931693,165
-77.6306077359999,43.191385805,68d557728981c2c71c09942351e0f526,20-268753,1361 Lake Ave,2020/12/06 05:00:00+00,12,2020,Shooting,Yes,M,BLACK,NON HISPANIC,25,25-44,43.191385805,-77.6306077359999,166
-77.6306077359999,43.191385805,5e056228b0714cd2c6ef2393d04d1a70,20-268753,1361 Lake Ave,2020/12/06 05:00:00+00,12,2020,Shooting,Yes,M,BLACK,NON HISPANIC,33,25-44,43.191385805,-77.6306077359999,167
-77.594301378,43.1822961660001,09509191496b30bcd8163984182c3dd2,20-269002,174 Durnan St,2020/12/06 05:00:00+00,12,2020,Shooting,No,M,BLACK,NON HISPANIC,36,25-44,43.1822961660001,-77.594301378,168
-77.584064456,43.1841267190001,6acfe43cef5338dd6d918844f144363c,20-269023,1020 Portland Ave,2020/12/06 05:00:00+00,12,2020,Shooting,No,M,BLACK,NON HISPANIC,47,45-Older,43.1841267190001,-77.584064456,169
-77.6298646769999,43.1934097870001,d1cc8e96287a0bdbb7c761029f965f20,20-267096,1469 Lake Ave,2020/12/03 05:00:00+00,12,2020,Shooting,No,M,BLACK,NON HISPANIC,26,25-44,43.1934097870001,-77.6298646769999,170
-77.622069913,43.184156441,f849a989b011c478464eebb07c20651e,20-263620,86 Saranac St,2020/11/28 05:00:00+00,11,2020,Shooting,Yes,M,BLACK,NON HISPANIC,22,15-24,43.184156441,-77.622069913,171
-77.622069913,43.184156441,b36cdbbac798c022961158f78baf238c,20-263620,86 Saranac St,2020/11/28 05:00:00+00,11,2020,Shooting,Yes,M,BLACK,NON HISPANIC,22,15-24,43.184156441,-77.622069913,172
-77.559551481,43.1712416570001,ea9c252b0ea6b759bc926b44f5ab93dc,20-262988,1416 Culver Rd,2020/11/27 05:00:00+00,11,2020,Shooting,No,M,BLACK,NON HISPANIC,38,25-44,43.1712416570001,-77.559551481,173
-77.618809934,43.1779792780001,8df61839bc738193fde95409a273ae70,20-261857,210 Ave A,2020/11/25 05:00:00+00,11,2020,Shooting,No,M,BLACK,NON HISPANIC,31,25-44,43.1779792780001,-77.618809934,174
-77.634043893,43.149637027,660607f3b76689801e5652277f4078a1,20-261919,13 Henion St,2020/11/25 05:00:00+00,11,2020,Shooting,No,M,BLACK,NON HISPANIC,36,25-44,43.149637027,-77.634043893,175
-77.6127764299999,43.1746061440001,979df2eebaf2e8b17f087fccb2db0379,20-260737,886 N Clinton Ave,2020/11/24 05:00:00+00,11,2020,Shooting,No,M,BLACK,NON HISPANIC,29,25-44,43.1746061440001,-77.6127764299999,176
-77.648992863,43.1396307480001,d455a4fe8e07316144ebb028d40a4811,20-260739,321 Post Ave,2020/11/24 05:00:00+00,11,2020,Shooting,No,M,WHITE,NON HISPANIC,28,25-44,43.1396307480001,-77.648992863,177
-77.623320313,43.186177172,7d0332dc7358e3cd931253d5bd44ae79,20-258489,1625 St Paul St,2020/11/20 05:00:00+00,11,2020,Shooting,No,M,WHITE,HISPANIC,56,45-Older,43.186177172,-77.623320313,178
-77.6319637349999,43.1342543040001,e34224eba7ce02bccd490906221678ad,20-258507,734 Seward St,2020/11/20 05:00:00+00,11,2020,Shooting,No,M,BLACK,NON HISPANIC,19,15-24,43.1342543040001,-77.6319637349999,179
-77.5828179389999,43.1764165000001,ef6b01bb509d3a50fcb8f069fa16934c,20-257911,36 Clairmount St,2020/11/19 05:00:00+00,11,2020,Homicide,No,F,BLACK,NON HISPANIC,21,15-24,43.1764165000001,-77.5828179389999,180
-77.611890205,43.178727601,4c99d4f7f76838b3f577eb5540a77f88,20-256990,54 Ketchum St,2020/11/18 05:00:00+00,11,2020,Shooting,No,F,BLACK,NON HISPANIC,36,25-44,43.178727601,-77.611890205,181
-77.6343650649999,43.1697140270001,0e6cb002e4bce085f2ec86700f2eb5a0,20-255532,272 Parkway Ave,2020/11/16 05:00:00+00,11,2020,Shooting,No,F,ASIAN,NON HISPANIC,24,15-24,43.1697140270001,-77.6343650649999,182
-77.6307586889999,43.136005561,95c1675521d21cb850f4a1986686bdbe,20-255161,322 Cottage St,2020/11/15 05:00:00+00,11,2020,Shooting,No,M,BLACK,NON HISPANIC,25,25-44,43.136005561,-77.6307586889999,183
-77.611489456,43.178445804,cbcad8d2c9ff446d6bb00655d5c9ab3f,20-251861,67 Ketchum St,2020/11/11 05:00:00+00,11,2020,Homicide,No,M,BLACK,NON HISPANIC,37,25-44,43.178445804,-77.611489456,184
-77.629516065,43.1530098430001,16103b21d86d346310281b02a2e7cb64,20-252346,4 New York St,2020/11/11 05:00:00+00,11,2020,Shooting,No,M,BLACK,NON HISPANIC,35,25-44,43.1530098430001,-77.629516065,185
-77.5856084819999,43.191546203,532aefc933ce213787b95cfb4dea3148,20-251303,1425 Portland Ave,2020/11/10 05:00:00+00,11,2020,Shooting,No,F,BLACK,NON HISPANIC,22,15-24,43.191546203,-77.5856084819999,186
-77.584450299,43.1674109740001,06165e71cc51e4cea7465cdf01aac430,20-250872,218 4th St,2020/11/09 05:00:00+00,11,2020,Shooting,No,M,BLACK,NON HISPANIC,44,25-44,43.1674109740001,-77.584450299,187
-77.6059788709999,43.162196099,9dd727a9a134ee857bbc92ee73fa9e67,20-249478,439 Central Ave,2020/11/08 05:00:00+00,11,2020,Homicide,Yes,M,BLACK,NON HISPANIC,36,25-44,43.162196099,-77.6059788709999,188
-77.6059788709999,43.162196099,c00ef42f9bc13a9d3d4addf8c686eeda,20-249478,439 Central Ave,2020/11/08 05:00:00+00,11,2020,Shooting,Yes,M,BLACK,NON HISPANIC,30,25-44,43.162196099,-77.6059788709999,189
-77.611435972,43.180989034,be2f1f80383ec282b766f31c8816c13c,20-248912,56 Bismark Ter,2020/11/07 05:00:00+00,11,2020,Shooting,No,M,BLACK,NON HISPANIC,33,25-44,43.180989034,-77.611435972,190
-77.625521282,43.152539919,68fb4ce4b6f5aab961d6ec93dfc0243d,20-248522,36 Cunningham St,2020/11/06 05:00:00+00,11,2020,Shooting,No,M,BLACK,NON HISPANIC,26,25-44,43.152539919,-77.625521282,191
-77.603529001,43.186527449,e3deca0e1436afa896af4c32ff8b331b,20-248542,735 Norton St,2020/11/06 05:00:00+00,11,2020,Shooting,Yes,M,WHITE,HISPANIC,48,45-Older,43.186527449,-77.603529001,192
-77.603529001,43.186527449,25baf3637287b913da75ce7a82c02e76,20-248542,735 Norton St,2020/11/06 05:00:00+00,11,2020,Shooting,Yes,F,WHITE,HISPANIC,38,25-44,43.186527449,-77.603529001,193
-77.6380106619999,43.1778468690001,e7e65cbf4cbea4fb5a4b84213e4bff7c,20-247120,124 Maryland St,2020/11/05 05:00:00+00,11,2020,Shooting,No,M,WHITE,HISPANIC,45,45-Older,43.1778468690001,-77.6380106619999,194
-77.5803865349999,43.1637972170001,f9fc4e2caadd80ba41912e99a4198db3,20-247753,266 Garson Ave,2020/11/05 05:00:00+00,11,2020,Shooting,No,M,BLACK,NON HISPANIC,36,25-44,43.1637972170001,-77.5803865349999,195
-77.584299806,43.177546835,756cd79a8fb43560d781eb216e430d4d,20-246912,201 Fernwood Ave,2020/11/04 05:00:00+00,11,2020,Shooting,No,M,WHITE,NON HISPANIC,24,15-24,43.177546835,-77.584299806,196
-77.6291389369999,43.1517737510001,1f67441c2eae1d31776b1c961eb74d82,20-245631,615 W Main St,2020/11/02 05:00:00+00,11,2020,Shooting,No,M,BLACK,NON HISPANIC,44,25-44,43.1517737510001,-77.6291389369999,197